,№,Season,Team,Apps,Min,G,A,Sh90,KP90,xG,xA,xG90,xA90,Player,League,Pos
0,1.0,2019/2020,Real Betis,17,719,1,0,1.5,0.5,1.23+0.23,0.07+0.07,0.15,0.01,Carles Aleñá,La Liga,M
1,2.0,2019/2020,Barcelona,4,172,0,0,0.52,0.0,0.11+0.11,0.00,0.06,0.0,Carles Aleñá,La Liga,M
2,3.0,2018/2019,Barcelona,17,622,2,0,2.03,1.3,0.88-1.12,0.74+0.74,0.13,0.11,Carles Aleñá,La Liga,M
3,4.0,2016/2017,Barcelona,3,39,0,0,2.31,0.0,0.06+0.06,0.00,0.13,0.0,Carles Aleñá,La Liga,M
4,,,,41,1552,3,0,1.62,0.75,2.27-0.73,0.81+0.81,0.13,0.05,Carles Aleñá,La Liga,M
0,1.0,2019/2020,Atletico Madrid,29,1382,3,3,0.91,1.04,1.72-1.28,2.33-0.67,0.11,0.15,Marcos Llorente,La Liga,M
1,2.0,2018/2019,Real Madrid,7,538,0,0,0.17,0.67,0.07+0.07,0.21+0.21,0.01,0.03,Marcos Llorente,La Liga,M
2,3.0,2017/2018,Real Madrid,13,537,0,0,1.01,0.5,0.21+0.21,0.19+0.19,0.04,0.03,Marcos Llorente,La Liga,M
3,4.0,2016/2017,Alaves,32,2803,0,2,0.45,0.61,0.26+0.26,0.87-1.13,0.01,0.03,Marcos Llorente,La Liga,M
4,5.0,2015/2016,Real Madrid,2,22,0,0,0.0,4.09,0.00,0.04+0.04,0.0,0.15,Marcos Llorente,La Liga,M
5,,,,83,5282,3,5,0.6,0.73,2.26-0.74,3.63-1.37,0.04,0.06,Marcos Llorente,La Liga,M
0,1.0,2019/2020,Osasuna,22,1064,2,1,1.61,1.27,1.08-0.92,0.64-0.36,0.09,0.05,Iñigo Pérez,La Liga,M
1,,,,22,1064,2,1,1.61,1.27,1.08-0.92,0.64-0.36,0.09,0.05,Iñigo Pérez,La Liga,M
0,1.0,2019/2020,Espanyol,24,1119,0,0,0.24,1.05,0.12+0.12,0.49+0.49,0.01,0.04,Óscar Melendo,La Liga,M
1,2.0,2018/2019,Espanyol,32,2001,0,5,0.4,1.53,0.48+0.48,3.86-1.14,0.02,0.17,Óscar Melendo,La Liga,M
2,3.0,2017/2018,Espanyol,18,668,1,1,1.08,1.21,0.51-0.49,0.44-0.56,0.07,0.06,Óscar Melendo,La Liga,M
3,4.0,2016/2017,Espanyol,11,298,0,0,0.3,0.0,0.09+0.09,0.00,0.03,0.0,Óscar Melendo,La Liga,M
4,,,,85,4086,1,6,0.46,1.23,1.20+0.20,4.79-1.21,0.03,0.11,Óscar Melendo,La Liga,M
0,1.0,2019/2020,Granada,15,958,2,5,1.32,1.97,1.05-0.95,1.39-3.61,0.1,0.13,Montoro,La Liga,M
1,2.0,2016/2017,Las Palmas,17,1109,0,0,0.32,0.49,0.07+0.07,0.23+0.23,0.01,0.02,Montoro,La Liga,M
2,3.0,2015/2016,Las Palmas,9,431,0,0,0.21,1.04,0.02+0.02,0.21+0.21,0.0,0.04,Montoro,La Liga,M
3,,,,41,2498,2,5,0.68,1.15,1.14-0.86,1.82-3.18,0.04,0.07,Montoro,La Liga,M
0,1.0,2019/2020,Sevilla,28,1645,3,3,0.88,1.15,1.60-1.40,2.63-0.37,0.09,0.14,Óliver Torres,La Liga,M
1,2.0,2015/2016,Atletico Madrid,21,814,0,2,1.0,1.88,0.31+0.31,1.71-0.29,0.03,0.19,Óliver Torres,La Liga,M
2,,,,49,2459,3,5,0.92,1.39,1.92-1.08,4.34-0.66,0.07,0.16,Óliver Torres,La Liga,M
0,1.0,2019/2020,Real Valladolid,20,1662,2,0,0.54,0.22,0.61-1.39,0.09+0.09,0.03,0.0,Joaquín Fernández,La Liga,M
1,2.0,2018/2019,Real Valladolid,13,835,1,0,0.75,0.11,0.33-0.67,0.01+0.01,0.04,0.0,Joaquín Fernández,La Liga,M
2,,,,33,2497,3,0,0.61,0.18,0.94-2.06,0.10+0.10,0.03,0.0,Joaquín Fernández,La Liga,M
0,1.0,2019/2020,Levante,25,1235,2,1,1.31,0.87,3.04+1.04,1.99+0.99,0.22,0.15,Gonzalo Melero,La Liga,M
1,2.0,2018/2019,SD Huesca,22,1347,2,1,1.54,1.47,4.72+2.72,1.82+0.82,0.32,0.12,Gonzalo Melero,La Liga,M
2,,,,47,2582,4,2,1.43,1.19,7.77+3.77,3.81+1.81,0.27,0.13,Gonzalo Melero,La Liga,M
0,1.0,2019/2020,Osasuna,23,1162,0,1,1.01,0.77,0.25+0.25,0.64-0.36,0.02,0.05,Fran Mérida,La Liga,M
1,2.0,2016/2017,Osasuna,15,810,1,0,1.78,0.78,0.99-0.01,0.52+0.52,0.11,0.06,Fran Mérida,La Liga,M
2,,,,38,1972,1,1,1.32,0.78,1.24+0.24,1.17+0.17,0.06,0.05,Fran Mérida,La Liga,M
0,1.0,2019/2020,Atletico Madrid,21,1111,0,2,1.13,1.7,0.63+0.63,2.40+0.40,0.05,0.19,Héctor Herrera,La Liga,M
1,,,,21,1111,0,2,1.13,1.7,0.63+0.63,2.40+0.40,0.05,0.19,Héctor Herrera,La Liga,M
0,1.0,2019/2020,Valencia,21,1264,2,2,1.64,1.21,1.32-0.68,1.14-0.86,0.09,0.08,Gonçalo Guedes,La Liga,M
1,2.0,2018/2019,Valencia,25,1472,5,3,2.14,1.28,2.01-2.99,3.04+0.04,0.12,0.19,Gonçalo Guedes,La Liga,M
2,3.0,2017/2018,Valencia,33,2443,5,9,2.25,1.69,4.80-0.20,6.61-2.39,0.18,0.24,Gonçalo Guedes,La Liga,M
3,4.0,2017/2018,Paris Saint Germain,1,4,0,0,0.0,0.0,0.00,0.00,0.0,0.0,Gonçalo Guedes,La Liga,M
4,5.0,2016/2017,Paris Saint Germain,7,141,0,1,3.19,1.91,0.41+0.41,1.01+0.01,0.26,0.64,Gonçalo Guedes,La Liga,M
5,,,,87,5324,12,15,2.1,1.47,8.53-3.47,11.80-3.20,0.14,0.2,Gonçalo Guedes,La Liga,M
0,1.0,2019/2020,Barcelona,30,2346,1,2,0.23,0.96,0.65-0.35,1.87-0.13,0.03,0.07,Sergi Roberto,La Liga,M
1,2.0,2018/2019,Barcelona,29,2087,0,7,0.39,1.29,0.97+0.97,3.92-3.08,0.04,0.17,Sergi Roberto,La Liga,M
2,3.0,2017/2018,Barcelona,30,2228,1,7,0.32,0.93,0.79-0.21,4.33-2.67,0.03,0.17,Sergi Roberto,La Liga,M
3,4.0,2016/2017,Barcelona,32,2380,0,6,0.61,1.32,0.90+0.90,4.11-1.89,0.03,0.16,Sergi Roberto,La Liga,M
4,5.0,2015/2016,Barcelona,31,1916,0,5,0.75,0.94,0.93+0.93,3.79-1.21,0.04,0.18,Sergi Roberto,La Liga,M
5,6.0,2014/2015,Barcelona,12,502,0,0,0.72,0.72,0.19+0.19,0.18+0.18,0.03,0.03,Sergi Roberto,La Liga,M
6,,,,164,11459,2,27,0.46,1.08,4.44+2.44,18.19-8.81,0.03,0.14,Sergi Roberto,La Liga,M
0,1.0,2019/2020,Barcelona,21,1183,3,3,0.61,0.91,1.20-1.80,1.74-1.26,0.09,0.13,Arthur,La Liga,M
1,2.0,2018/2019,Barcelona,27,1452,0,1,0.37,0.87,0.31+0.31,1.81+0.81,0.02,0.11,Arthur,La Liga,M
2,,,,48,2635,3,4,0.48,0.89,1.52-1.48,3.55-0.45,0.05,0.12,Arthur,La Liga,M
0,1.0,2019/2020,Getafe,20,1191,1,4,2.04,1.81,2.01+1.01,2.82-1.18,0.15,0.21,Jason,La Liga,M
1,2.0,2018/2019,Levante,30,2329,2,5,1.24,1.16,3.62+1.62,4.40-0.60,0.14,0.17,Jason,La Liga,M
2,3.0,2017/2018,Levante,27,1796,1,2,1.65,1.3,2.62+1.62,2.84+0.84,0.13,0.14,Jason,La Liga,M
3,4.0,2014/2015,Levante,2,51,0,0,1.76,1.76,0.09+0.09,0.11+0.11,0.15,0.2,Jason,La Liga,M
4,,,,79,5367,4,11,1.56,1.36,8.34+4.34,10.17-0.83,0.14,0.17,Jason,La Liga,M
0,1.0,2019/2020,Barcelona,33,1645,8,2,1.37,1.26,5.74-2.26,3.45+1.45,0.31,0.19,Arturo Vidal,La Liga,M
1,2.0,2018/2019,Barcelona,33,1935,3,7,1.12,1.02,3.74+0.74,5.38-1.62,0.17,0.25,Arturo Vidal,La Liga,M
2,3.0,2017/2018,Bayern Munich,22,1460,6,2,2.96,1.66,4.20-1.80,2.67+0.67,0.26,0.16,Arturo Vidal,La Liga,M
3,4.0,2016/2017,Bayern Munich,27,1825,4,2,1.92,1.23,2.69-1.31,2.87+0.87,0.13,0.14,Arturo Vidal,La Liga,M
4,5.0,2015/2016,Bayern Munich,30,2045,4,5,2.29,2.11,3.83-0.17,4.57-0.43,0.17,0.2,Arturo Vidal,La Liga,M
5,6.0,2014/2015,Juventus,28,2094,7,4,2.28,1.59,6.33-0.67,3.84-0.16,0.27,0.17,Arturo Vidal,La Liga,M
6,,,,173,11004,32,22,1.97,1.49,26.53-5.47,22.78+0.78,0.22,0.19,Arturo Vidal,La Liga,M
0,1.0,2019/2020,Espanyol,18,1413,2,4,2.48,1.59,3.42+1.42,3.01-0.99,0.22,0.19,Adrián Embarba,La Liga,M
1,2.0,2018/2019,Rayo Vallecano,36,2294,5,6,1.92,2.08,6.65+1.65,5.81-0.19,0.26,0.23,Adrián Embarba,La Liga,M
2,3.0,2015/2016,Rayo Vallecano,28,1838,2,5,2.01,1.57,3.62+1.62,4.00-1.00,0.18,0.2,Adrián Embarba,La Liga,M
3,4.0,2014/2015,Rayo Vallecano,14,830,3,3,2.39,1.19,1.35-1.65,1.16-1.84,0.15,0.13,Adrián Embarba,La Liga,M
4,,,,96,6375,12,18,2.13,1.71,15.04+3.04,13.99-4.01,0.21,0.2,Adrián Embarba,La Liga,M
0,1.0,2019/2020,Celta Vigo,26,1646,1,5,1.09,2.3,2.08+1.08,5.19+0.19,0.11,0.28,Denis Suárez,La Liga,M
1,2.0,2018/2019,Arsenal,4,59,0,0,0.0,0.0,0.00,0.00,0.0,0.0,Denis Suárez,La Liga,M
2,3.0,2018/2019,Barcelona,2,17,0,0,5.29,5.29,0.38+0.38,0.09+0.09,2.04,0.45,Denis Suárez,La Liga,M
3,4.0,2017/2018,Barcelona,18,578,2,2,1.87,2.34,2.03+0.03,2.13+0.13,0.32,0.33,Denis Suárez,La Liga,M
4,5.0,2016/2017,Barcelona,26,1178,1,3,1.07,1.15,1.30+0.30,2.36-0.64,0.1,0.18,Denis Suárez,La Liga,M
5,6.0,2015/2016,Villarreal,33,2365,4,4,1.37,1.75,2.67-1.33,6.79+2.79,0.1,0.26,Denis Suárez,La Liga,M
6,7.0,2014/2015,Sevilla,31,1606,2,4,1.79,1.63,3.65+1.65,3.67-0.33,0.2,0.21,Denis Suárez,La Liga,M
7,,,,140,7449,10,18,1.39,1.79,12.11+2.11,20.23+2.23,0.15,0.24,Denis Suárez,La Liga,M
0,1.0,2019/2020,Barcelona,31,1576,1,3,1.37,1.03,2.28+1.28,1.45-1.55,0.13,0.08,Ivan Rakitic,La Liga,M
1,2.0,2018/2019,Barcelona,34,2641,3,5,1.23,0.55,2.69-0.31,1.91-3.09,0.09,0.07,Ivan Rakitic,La Liga,M
2,3.0,2017/2018,Barcelona,35,2838,1,5,0.89,0.92,2.13+1.13,4.30-0.70,0.07,0.14,Ivan Rakitic,La Liga,M
3,4.0,2016/2017,Barcelona,32,2348,8,5,1.84,1.0,4.22-3.78,2.43-2.57,0.16,0.09,Ivan Rakitic,La Liga,M
4,5.0,2015/2016,Barcelona,36,2588,7,2,1.56,1.15,5.31-1.69,4.08+2.08,0.18,0.14,Ivan Rakitic,La Liga,M
5,6.0,2014/2015,Barcelona,32,2042,5,7,1.5,1.54,3.11-1.89,4.02-2.98,0.14,0.18,Ivan Rakitic,La Liga,M
6,,,,200,14033,25,27,1.38,1.01,19.74-5.26,18.19-8.81,0.13,0.12,Ivan Rakitic,La Liga,M
0,1.0,2019/2020,Athletic Club,24,1480,1,4,1.7,0.73,2.32+1.32,1.65-2.35,0.14,0.1,Iñigo Córdoba,La Liga,M
1,2.0,2018/2019,Athletic Club,23,1322,0,5,1.57,1.23,1.36+1.36,2.00-3.00,0.09,0.14,Iñigo Córdoba,La Liga,M
2,3.0,2017/2018,Athletic Club,30,1459,1,1,1.11,0.99,1.31+0.31,2.06+1.06,0.08,0.13,Iñigo Córdoba,La Liga,M
3,,,,77,4261,2,10,1.46,0.97,4.99+2.99,5.72-4.28,0.11,0.12,Iñigo Córdoba,La Liga,M
0,1.0,2019/2020,Villarreal,29,1532,2,4,1.53,1.88,3.15+1.15,3.64-0.36,0.18,0.21,Manu Trigueros,La Liga,M
1,2.0,2018/2019,Villarreal,24,1547,0,0,1.05,1.05,1.02+1.02,1.86+1.86,0.06,0.11,Manu Trigueros,La Liga,M
2,3.0,2017/2018,Villarreal,34,2721,3,4,0.93,1.42,2.81-0.19,3.52-0.48,0.09,0.12,Manu Trigueros,La Liga,M
3,4.0,2016/2017,Villarreal,37,3051,5,1,1.36,1.27,2.83-2.17,3.45+2.45,0.08,0.1,Manu Trigueros,La Liga,M
4,5.0,2015/2016,Villarreal,31,2119,2,1,1.19,0.68,1.17-0.83,0.95-0.05,0.05,0.04,Manu Trigueros,La Liga,M
5,6.0,2014/2015,Villarreal,33,2423,1,1,1.41,1.56,2.57+1.57,2.56+1.56,0.1,0.1,Manu Trigueros,La Liga,M
6,,,,188,13393,13,11,1.24,1.3,13.54+0.54,15.98+4.98,0.09,0.11,Manu Trigueros,La Liga,M
0,1.0,2019/2020,Alaves,28,1646,0,0,0.49,0.82,0.43+0.43,2.04+2.04,0.02,0.11,Luis Rioja,La Liga,M
1,,,,28,1646,0,0,0.49,0.82,0.43+0.43,2.04+2.04,0.02,0.11,Luis Rioja,La Liga,M
0,1.0,2019/2020,Granada,19,1516,0,0,0.36,0.47,0.17+0.17,1.22+1.22,0.01,0.07,Maxime Gonalons,La Liga,M
1,2.0,2018/2019,Sevilla,10,527,0,0,0.34,0.68,0.14+0.14,0.10+0.10,0.02,0.02,Maxime Gonalons,La Liga,M
2,3.0,2017/2018,Roma,16,1093,0,1,0.99,1.24,0.46+0.46,1.09+0.09,0.04,0.09,Maxime Gonalons,La Liga,M
3,4.0,2016/2017,Lyon,29,2437,1,1,0.78,0.74,1.30+0.30,1.24+0.24,0.05,0.05,Maxime Gonalons,La Liga,M
4,5.0,2015/2016,Lyon,33,2891,0,0,0.72,0.34,1.07+1.07,0.97+0.97,0.03,0.03,Maxime Gonalons,La Liga,M
5,6.0,2014/2015,Lyon,35,3137,1,2,0.57,0.46,2.41+1.41,1.24-0.76,0.07,0.04,Maxime Gonalons,La Liga,M
6,,,,142,11601,2,4,0.65,0.57,5.55+3.55,5.85+1.85,0.04,0.05,Maxime Gonalons,La Liga,M
0,1.0,2019/2020,Leganes,25,1576,0,0,1.37,0.57,0.99+0.99,0.37+0.37,0.06,0.02,Recio,La Liga,M
1,2.0,2018/2019,Leganes,18,1290,0,0,0.7,0.49,0.29+0.29,0.23+0.23,0.02,0.02,Recio,La Liga,M
2,3.0,2017/2018,Malaga,22,1841,1,2,1.27,1.17,1.89+0.89,1.96-0.04,0.09,0.1,Recio,La Liga,M
3,4.0,2016/2017,Malaga,18,1361,3,2,0.99,0.99,2.24-0.76,0.94-1.06,0.15,0.06,Recio,La Liga,M
4,5.0,2015/2016,Malaga,33,2757,0,4,1.18,1.18,2.36+2.36,3.62-0.38,0.08,0.12,Recio,La Liga,M
5,6.0,2014/2015,Malaga,30,1471,1,2,0.92,1.28,0.97-0.03,0.77-1.23,0.06,0.05,Recio,La Liga,M
6,,,,146,10296,5,10,1.1,0.99,8.75+3.75,7.90-2.10,0.08,0.07,Recio,La Liga,M
0,1.0,2019/2020,Espanyol,25,1693,0,1,0.53,1.22,0.34+0.34,0.99-0.01,0.02,0.05,Víctor Sánchez,La Liga,M
1,2.0,2018/2019,Espanyol,24,1241,0,2,0.87,0.58,0.47+0.47,0.73-1.27,0.03,0.05,Víctor Sánchez,La Liga,M
2,3.0,2017/2018,Espanyol,30,2465,0,2,0.47,0.18,0.45+0.45,0.49-1.51,0.02,0.02,Víctor Sánchez,La Liga,M
3,4.0,2016/2017,Espanyol,26,2282,1,1,0.35,0.67,0.26-0.74,1.05+0.05,0.01,0.04,Víctor Sánchez,La Liga,M
4,5.0,2015/2016,Espanyol,29,2321,1,6,0.93,0.93,2.74+1.74,4.11-1.89,0.11,0.16,Víctor Sánchez,La Liga,M
5,6.0,2014/2015,Espanyol,34,2576,3,3,0.8,0.63,2.40-0.60,1.64-1.36,0.08,0.06,Víctor Sánchez,La Liga,M
6,,,,168,12578,5,15,0.65,0.68,6.65+1.65,9.01-5.99,0.05,0.06,Víctor Sánchez,La Liga,M
0,1.0,2019/2020,Leganes,30,1937,9,2,2.88,1.44,4.92-4.08,2.93+0.93,0.23,0.14,Óscar Rodríguez,La Liga,M
1,2.0,2018/2019,Leganes,31,2524,4,3,2.18,1.71,3.92-0.08,5.05+2.05,0.14,0.18,Óscar Rodríguez,La Liga,M
2,,,,61,4461,13,5,2.48,1.59,8.84-4.16,7.98+2.98,0.18,0.16,Óscar Rodríguez,La Liga,M
0,1.0,2019/2020,Granada,36,2108,7,6,3.07,1.71,6.89-0.11,4.00-2.00,0.29,0.17,Darwin Machís,La Liga,M
1,2.0,2018/2019,Udinese,13,444,0,1,3.24,2.23,1.07+1.07,0.90-0.10,0.22,0.18,Darwin Machís,La Liga,M
2,3.0,2016/2017,Leganes,27,1039,1,3,3.12,0.95,3.02+2.02,0.98-2.02,0.26,0.08,Darwin Machís,La Liga,M
3,4.0,2014/2015,Granada,3,224,0,0,1.61,0.0,0.14+0.14,0.00,0.06,0.0,Darwin Machís,La Liga,M
4,,,,79,3815,8,10,3.02,1.46,11.12+3.12,5.89-4.11,0.26,0.14,Darwin Machís,La Liga,M
0,1.0,2019/2020,Levante,30,1593,0,2,0.23,0.4,0.16+0.16,0.26-1.74,0.01,0.01,Nikola Vukcevic,La Liga,M
1,2.0,2018/2019,Levante,16,672,0,0,0.0,0.13,0.00,0.04+0.04,0.0,0.01,Nikola Vukcevic,La Liga,M
2,,,,46,2265,0,2,0.16,0.32,0.16+0.16,0.30-1.70,0.01,0.01,Nikola Vukcevic,La Liga,M
0,1.0,2019/2020,Mallorca,29,1708,0,3,0.42,1.11,0.38+0.38,1.58-1.42,0.02,0.08,Aleix Febas,La Liga,M
1,,,,29,1708,0,3,0.42,1.11,0.38+0.38,1.58-1.42,0.02,0.08,Aleix Febas,La Liga,M
0,1.0,2019/2020,Villarreal,37,2025,3,2,2.13,1.73,3.82+0.82,4.58+2.58,0.17,0.2,Samuel Chukwueze,La Liga,M
1,2.0,2018/2019,Villarreal,26,1713,5,2,3.05,1.16,5.54+0.54,1.59-0.41,0.29,0.08,Samuel Chukwueze,La Liga,M
2,,,,63,3738,8,4,2.55,1.47,9.37+1.37,6.17+2.17,0.23,0.15,Samuel Chukwueze,La Liga,M
0,1.0,2019/2020,Eibar,23,1674,0,1,1.13,0.43,1.76+1.76,1.04+0.04,0.09,0.06,Gonzalo Escalante,La Liga,M
1,2.0,2018/2019,Eibar,32,1779,4,1,1.06,0.46,3.89-0.11,1.01+0.01,0.2,0.05,Gonzalo Escalante,La Liga,M
2,3.0,2017/2018,Eibar,28,1559,1,0,1.39,0.52,1.44+0.44,0.97+0.97,0.08,0.06,Gonzalo Escalante,La Liga,M
3,4.0,2016/2017,Eibar,30,2022,2,1,1.11,0.36,1.44-0.56,0.37-0.63,0.06,0.02,Gonzalo Escalante,La Liga,M
4,5.0,2015/2016,Eibar,34,2829,3,1,0.76,0.41,2.29-0.71,1.23+0.23,0.07,0.04,Gonzalo Escalante,La Liga,M
5,,,,147,9863,10,4,1.05,0.43,10.81+0.81,4.61+0.61,0.1,0.04,Gonzalo Escalante,La Liga,M
0,1.0,2019/2020,Mallorca,35,2167,4,0,1.7,0.83,5.97+1.97,1.34+1.34,0.25,0.06,Lago Junior,La Liga,M
1,,,,35,2167,4,0,1.7,0.83,5.97+1.97,1.34+1.34,0.25,0.06,Lago Junior,La Liga,M
0,1.0,2019/2020,Mallorca,35,2323,4,4,2.13,1.32,3.08-0.92,2.89-1.11,0.12,0.11,Takefusa Kubo,La Liga,M
1,,,,35,2323,4,4,2.13,1.32,3.08-0.92,2.89-1.11,0.12,0.11,Takefusa Kubo,La Liga,M
0,1.0,2019/2020,Villarreal,37,2336,5,4,1.39,1.08,3.77-1.23,4.30+0.30,0.15,0.17,Moi Gómez,La Liga,M
1,2.0,2018/2019,SD Huesca,36,3066,2,7,0.73,1.53,2.28+0.28,5.27-1.73,0.07,0.15,Moi Gómez,La Liga,M
2,3.0,2016/2017,Sporting Gijon,26,1886,2,5,1.0,1.67,1.65-0.35,3.24-1.76,0.08,0.15,Moi Gómez,La Liga,M
3,4.0,2015/2016,Getafe,22,909,2,3,1.49,0.69,1.16-0.84,1.12-1.88,0.11,0.11,Moi Gómez,La Liga,M
4,5.0,2014/2015,Villarreal,31,1614,4,4,1.56,1.62,3.49-0.51,4.51+0.51,0.19,0.25,Moi Gómez,La Liga,M
5,,,,152,9811,15,23,1.15,1.39,12.34-2.66,18.44-4.56,0.11,0.17,Moi Gómez,La Liga,M
0,1.0,2019/2020,Real Sociedad,35,2393,7,8,1.54,1.32,6.18-0.82,5.51-2.49,0.23,0.21,Portu,La Liga,M
1,2.0,2018/2019,Girona,34,2850,9,2,1.17,1.04,8.39-0.61,4.61+2.61,0.26,0.15,Portu,La Liga,M
2,3.0,2017/2018,Girona,37,3016,11,5,1.55,1.16,8.18-2.82,6.59+1.59,0.24,0.2,Portu,La Liga,M
3,,,,106,8259,27,15,1.42,1.17,22.76-4.24,16.71+1.71,0.25,0.18,Portu,La Liga,M
0,1.0,2019/2020,Levante,28,1901,4,4,2.84,1.28,3.37-0.63,3.04-0.96,0.16,0.14,Rubén Rochina,La Liga,M
1,2.0,2018/2019,Levante,27,1823,4,5,2.27,1.43,2.20-1.80,4.50-0.50,0.11,0.22,Rubén Rochina,La Liga,M
2,3.0,2017/2018,Rubin Kazan,4,208,0,0,3.89,1.3,0.19+0.19,0.25+0.25,0.08,0.11,Rubén Rochina,La Liga,M
3,4.0,2017/2018,Levante,5,146,1,0,4.32,0.62,0.83-0.17,0.01+0.01,0.51,0.01,Rubén Rochina,La Liga,M
4,5.0,2016/2017,Rubin Kazan,23,1301,2,4,2.63,2.08,2.07+0.07,3.39-0.61,0.14,0.23,Rubén Rochina,La Liga,M
5,6.0,2015/2016,Granada,35,2496,6,6,2.78,1.66,4.67-1.33,4.39-1.61,0.17,0.16,Rubén Rochina,La Liga,M
6,7.0,2014/2015,Granada,19,1128,2,1,3.27,0.96,3.66+1.66,0.78-0.22,0.29,0.06,Rubén Rochina,La Liga,M
7,,,,141,9003,19,20,2.78,1.48,16.98-2.02,16.35-3.65,0.17,0.16,Rubén Rochina,La Liga,M
0,1.0,2019/2020,Real Sociedad,33,2639,0,1,0.48,0.17,0.40+0.40,0.40-0.60,0.01,0.01,Igor Zubeldia,La Liga,M
1,2.0,2018/2019,Real Sociedad,33,2551,0,1,0.53,0.28,0.44+0.44,1.07+0.07,0.02,0.04,Igor Zubeldia,La Liga,M
2,3.0,2017/2018,Real Sociedad,25,1573,1,2,1.14,0.34,0.45-0.55,0.16-1.84,0.03,0.01,Igor Zubeldia,La Liga,M
3,4.0,2016/2017,Real Sociedad,4,254,0,0,0.71,0.35,0.03+0.03,0.02+0.02,0.01,0.01,Igor Zubeldia,La Liga,M
4,5.0,2015/2016,Real Sociedad,1,5,0,0,0.0,0.0,0.00,0.00,0.0,0.0,Igor Zubeldia,La Liga,M
5,,,,96,7022,1,4,0.65,0.26,1.33+0.33,1.65-2.35,0.02,0.02,Igor Zubeldia,La Liga,M
0,1.0,2019/2020,Real Valladolid,25,1755,0,0,0.15,0.31,0.04+0.04,0.45+0.45,0.0,0.02,Fede San Emeterio,La Liga,M
1,,,,25,1755,0,0,0.15,0.31,0.04+0.04,0.45+0.45,0.0,0.02,Fede San Emeterio,La Liga,M
0,1.0,2019/2020,Eibar,29,1965,2,3,1.79,0.92,3.51+1.51,2.13-0.87,0.16,0.1,Takashi Inui,La Liga,M
1,2.0,2018/2019,Alaves,12,842,2,0,1.71,0.43,2.51+0.51,0.42+0.42,0.27,0.05,Takashi Inui,La Liga,M
2,3.0,2018/2019,Real Betis,8,379,0,0,3.09,0.71,1.29+1.29,0.12+0.12,0.31,0.03,Takashi Inui,La Liga,M
3,4.0,2017/2018,Eibar,34,2655,5,2,2.17,0.88,4.61-0.39,2.33+0.33,0.16,0.08,Takashi Inui,La Liga,M
4,5.0,2016/2017,Eibar,28,2097,3,2,1.89,0.94,2.71-0.29,2.40+0.40,0.12,0.1,Takashi Inui,La Liga,M
5,6.0,2015/2016,Eibar,27,1629,3,3,1.93,1.27,2.78-0.22,4.05+1.05,0.15,0.22,Takashi Inui,La Liga,M
6,7.0,2015/2016,Eintracht Frankfurt,1,49,0,0,0.0,1.84,0.00,0.02+0.02,0.0,0.03,Takashi Inui,La Liga,M
7,8.0,2014/2015,Eintracht Frankfurt,27,1834,1,5,2.11,2.26,3.05+2.05,4.46-0.54,0.15,0.22,Takashi Inui,La Liga,M
8,,,,166,11450,16,15,2.0,1.14,20.47+4.47,15.93+0.93,0.16,0.13,Takashi Inui,La Liga,M
0,1.0,2019/2020,Real Madrid,33,1897,2,5,1.04,0.95,1.99-0.01,3.56-1.44,0.09,0.17,Federico Valverde,La Liga,M
1,2.0,2018/2019,Real Madrid,16,646,0,0,0.98,1.25,0.23+0.23,0.34+0.34,0.03,0.05,Federico Valverde,La Liga,M
2,3.0,2017/2018,Deportivo La Coruna,24,1228,0,0,1.32,0.73,0.72+0.72,1.10+1.10,0.05,0.08,Federico Valverde,La Liga,M
3,,,,73,3771,2,5,1.12,0.93,2.94+0.94,5.00,0.07,0.12,Federico Valverde,La Liga,M
0,1.0,2019/2020,Real Valladolid,27,1922,2,2,1.55,0.75,2.06+0.06,0.83-1.17,0.1,0.04,Rubén Alcaraz,La Liga,M
1,2.0,2018/2019,Real Valladolid,34,2979,3,2,1.57,0.63,3.76+0.76,0.99-1.01,0.11,0.03,Rubén Alcaraz,La Liga,M
2,,,,61,4901,5,4,1.56,0.68,5.82+0.82,1.82-2.18,0.11,0.03,Rubén Alcaraz,La Liga,M
0,1.0,2019/2020,Eibar,31,1925,1,2,1.73,1.87,3.05+2.05,3.16+1.16,0.14,0.15,Pedro León,La Liga,M
1,2.0,2018/2019,Eibar,9,425,1,0,1.48,0.64,0.79-0.21,0.19+0.19,0.17,0.04,Pedro León,La Liga,M
2,3.0,2017/2018,Eibar,12,928,0,3,2.33,2.81,0.80+0.80,2.38-0.62,0.08,0.23,Pedro León,La Liga,M
3,4.0,2016/2017,Eibar,37,3010,10,5,2.54,2.54,8.72-1.28,8.08+3.08,0.26,0.24,Pedro León,La Liga,M
4,5.0,2015/2016,Getafe,31,1855,2,4,2.28,1.65,3.80+1.80,2.62-1.38,0.18,0.13,Pedro León,La Liga,M
5,6.0,2014/2015,Getafe,25,1468,2,5,2.76,1.72,3.85+1.85,2.91-2.09,0.24,0.18,Pedro León,La Liga,M
6,,,,145,9611,16,19,2.29,2.05,21.02+5.02,19.35+0.35,0.2,0.18,Pedro León,La Liga,M
0,1.0,2019/2020,Valencia,27,1809,1,1,0.95,0.3,1.05+0.05,0.20-0.80,0.05,0.01,Geoffrey Kondogbia,La Liga,M
1,2.0,2018/2019,Valencia,19,1244,1,1,1.59,0.43,1.79+0.79,0.91-0.09,0.13,0.07,Geoffrey Kondogbia,La Liga,M
2,3.0,2017/2018,Valencia,31,2621,4,4,0.96,0.72,2.28-1.72,2.17-1.83,0.08,0.07,Geoffrey Kondogbia,La Liga,M
3,4.0,2016/2017,Inter,24,1715,1,2,1.73,0.52,1.41+0.41,1.78-0.22,0.07,0.09,Geoffrey Kondogbia,La Liga,M
4,5.0,2015/2016,Inter,26,2005,1,0,1.71,0.72,1.71+0.71,1.27+1.27,0.08,0.06,Geoffrey Kondogbia,La Liga,M
5,6.0,2014/2015,Monaco,23,1913,1,1,1.27,0.42,1.72+0.72,0.54-0.46,0.08,0.03,Geoffrey Kondogbia,La Liga,M
6,,,,150,11307,9,9,1.33,0.54,9.95+0.95,6.87-2.13,0.08,0.05,Geoffrey Kondogbia,La Liga,M
0,1.0,2019/2020,Celta Vigo,28,1850,1,0,0.68,0.58,1.39+0.39,0.65+0.65,0.07,0.03,Fran Beltrán,La Liga,M
1,2.0,2018/2019,Celta Vigo,30,1504,1,0,1.02,0.6,1.32+0.32,0.83+0.83,0.08,0.05,Fran Beltrán,La Liga,M
2,,,,58,3354,2,0,0.83,0.59,2.71+0.71,1.48+1.48,0.07,0.04,Fran Beltrán,La Liga,M
0,1.0,2019/2020,Leganes,29,2017,1,3,1.2,1.25,1.41+0.41,2.12-0.88,0.06,0.09,Roque Mesa,La Liga,M
1,2.0,2018/2019,Sevilla,31,1742,2,2,1.45,0.98,1.39-0.61,1.65-0.35,0.07,0.09,Roque Mesa,La Liga,M
2,3.0,2017/2018,Swansea,11,762,0,0,0.83,0.59,0.13+0.13,0.13+0.13,0.02,0.02,Roque Mesa,La Liga,M
3,4.0,2017/2018,Sevilla,7,339,0,0,0.27,1.33,0.03+0.03,0.58+0.58,0.01,0.15,Roque Mesa,La Liga,M
4,5.0,2016/2017,Las Palmas,35,3039,1,2,0.68,0.56,0.99-0.01,2.03+0.03,0.03,0.06,Roque Mesa,La Liga,M
5,6.0,2015/2016,Las Palmas,34,2847,1,2,1.07,0.51,1.40+0.40,1.44-0.56,0.04,0.05,Roque Mesa,La Liga,M
6,,,,147,10746,5,9,1.01,0.77,5.35+0.35,7.95-1.05,0.04,0.07,Roque Mesa,La Liga,M
0,1.0,2019/2020,Athletic Club,26,1835,1,4,1.37,1.67,0.85-0.15,3.41-0.59,0.04,0.17,Unai López,La Liga,M
1,2.0,2018/2019,Athletic Club,7,320,0,0,1.13,0.56,0.22+0.22,0.48+0.48,0.06,0.13,Unai López,La Liga,M
2,3.0,2016/2017,Leganes,23,1164,2,0,0.93,0.85,0.64-1.36,0.47+0.47,0.05,0.04,Unai López,La Liga,M
3,4.0,2014/2015,Athletic Club,19,835,0,0,1.08,0.75,0.75+0.75,0.42+0.42,0.08,0.05,Unai López,La Liga,M
4,,,,75,4154,3,4,1.17,1.17,2.46-0.54,4.78+0.78,0.05,0.1,Unai López,La Liga,M
0,1.0,2019/2020,Real Betis,34,2090,8,3,1.46,2.63,6.19-1.81,5.54+2.54,0.27,0.24,Joaquín,La Liga,M
1,2.0,2018/2019,Real Betis,30,1688,6,0,1.23,2.4,4.24-1.76,3.85+3.85,0.23,0.21,Joaquín,La Liga,M
2,3.0,2017/2018,Real Betis,35,2492,4,7,1.19,1.81,4.06+0.06,6.73-0.27,0.15,0.24,Joaquín,La Liga,M
3,4.0,2016/2017,Real Betis,28,1680,3,4,1.45,1.88,2.77-0.23,1.90-2.10,0.15,0.1,Joaquín,La Liga,M
4,5.0,2015/2016,Real Betis,30,1961,1,5,1.24,2.29,2.71+1.71,4.53-0.47,0.12,0.21,Joaquín,La Liga,M
5,6.0,2014/2015,Fiorentina,23,1420,2,3,1.01,2.15,1.16-0.84,4.23+1.23,0.07,0.27,Joaquín,La Liga,M
6,,,,180,11331,24,22,1.27,2.18,21.13-2.87,26.79+4.79,0.17,0.21,Joaquín,La Liga,M
0,1.0,2019/2020,Alaves,30,1963,0,0,0.87,0.14,2.03+2.03,0.21+0.21,0.09,0.01,Manu García,La Liga,M
1,2.0,2018/2019,Alaves,34,2318,1,1,1.09,0.47,2.50+1.50,0.72-0.28,0.1,0.03,Manu García,La Liga,M
2,3.0,2017/2018,Alaves,30,2439,3,0,0.96,0.59,2.89-0.11,0.85+0.85,0.11,0.03,Manu García,La Liga,M
3,4.0,2016/2017,Alaves,25,2017,3,1,1.07,0.4,2.75-0.25,0.42-0.58,0.12,0.02,Manu García,La Liga,M
4,,,,119,8737,7,2,1.0,0.41,10.17+3.17,2.21+0.21,0.1,0.02,Manu García,La Liga,M
0,1.0,2019/2020,Valencia,26,1909,0,0,0.42,0.28,0.37+0.37,0.14+0.14,0.02,0.01,Francis Coquelin,La Liga,M
1,2.0,2018/2019,Valencia,26,1767,0,1,0.46,0.92,0.31+0.31,1.28+0.28,0.02,0.07,Francis Coquelin,La Liga,M
2,3.0,2017/2018,Valencia,9,655,1,0,0.55,0.27,0.27-0.73,0.06+0.06,0.04,0.01,Francis Coquelin,La Liga,M
3,4.0,2017/2018,Arsenal,7,155,0,0,0.58,0.58,0.08+0.08,0.51+0.51,0.05,0.3,Francis Coquelin,La Liga,M
4,5.0,2016/2017,Arsenal,29,1799,0,0,0.7,0.75,0.77+0.77,0.67+0.67,0.04,0.03,Francis Coquelin,La Liga,M
5,6.0,2015/2016,Arsenal,26,1652,0,0,0.44,0.33,0.16+0.16,0.35+0.35,0.01,0.02,Francis Coquelin,La Liga,M
6,7.0,2014/2015,Arsenal,22,1667,0,0,0.27,0.27,0.08+0.08,0.19+0.19,0.0,0.01,Francis Coquelin,La Liga,M
7,,,,145,9604,1,1,0.47,0.5,2.04+1.04,3.20+2.20,0.02,0.03,Francis Coquelin,La Liga,M
0,1.0,2019/2020,Alaves,30,1963,0,0,0.87,0.14,2.03+2.03,0.21+0.21,0.09,0.01,Manu García,La Liga,M
1,2.0,2018/2019,Alaves,34,2318,1,1,1.09,0.47,2.50+1.50,0.72-0.28,0.1,0.03,Manu García,La Liga,M
2,3.0,2017/2018,Alaves,30,2439,3,0,0.96,0.59,2.89-0.11,0.85+0.85,0.11,0.03,Manu García,La Liga,M
3,4.0,2016/2017,Alaves,25,2017,3,1,1.07,0.4,2.75-0.25,0.42-0.58,0.12,0.02,Manu García,La Liga,M
4,,,,119,8737,7,2,1.0,0.41,10.17+3.17,2.21+0.21,0.1,0.02,Manu García,La Liga,M
0,1.0,2019/2020,Real Madrid,31,2021,3,7,1.34,1.78,1.59-1.41,3.43-3.57,0.07,0.15,Luka Modric,La Liga,M
1,2.0,2018/2019,Real Madrid,34,2628,3,6,1.27,1.85,2.94-0.06,3.72-2.28,0.1,0.13,Luka Modric,La Liga,M
2,3.0,2017/2018,Real Madrid,26,1979,1,6,1.59,1.77,2.07+1.07,4.69-1.31,0.09,0.21,Luka Modric,La Liga,M
3,4.0,2016/2017,Real Madrid,25,1898,1,2,0.95,1.56,1.01+0.01,4.52+2.52,0.05,0.21,Luka Modric,La Liga,M
4,5.0,2015/2016,Real Madrid,32,2631,2,4,1.2,2.09,1.75-0.25,5.04+1.04,0.06,0.17,Luka Modric,La Liga,M
5,6.0,2014/2015,Real Madrid,16,1310,1,3,1.03,1.31,1.60+0.60,1.41-1.59,0.11,0.1,Luka Modric,La Liga,M
6,,,,164,12467,11,28,1.24,1.78,10.95-0.05,22.82-5.18,0.08,0.16,Luka Modric,La Liga,M
0,1.0,2019/2020,Athletic Club,35,2899,15,1,2.51,0.68,11.15-3.85,1.68+0.68,0.35,0.05,Raúl García,La Liga,M
1,2.0,2018/2019,Athletic Club,33,2384,9,3,3.06,1.02,8.37-0.63,3.38+0.38,0.32,0.13,Raúl García,La Liga,M
2,3.0,2017/2018,Athletic Club,34,2645,10,1,2.72,0.78,10.26+0.26,3.49+2.49,0.35,0.12,Raúl García,La Liga,M
3,4.0,2016/2017,Athletic Club,36,2893,10,4,2.99,1.03,8.90-1.10,5.86+1.86,0.28,0.18,Raúl García,La Liga,M
4,5.0,2015/2016,Athletic Club,30,2376,7,6,2.92,0.91,5.77-1.23,4.72-1.28,0.22,0.18,Raúl García,La Liga,M
5,6.0,2015/2016,Atletico Madrid,1,8,0,0,11.25,0.0,0.02+0.02,0.00,0.27,0.0,Raúl García,La Liga,M
6,7.0,2014/2015,Atletico Madrid,31,1682,5,3,2.78,0.64,5.88+0.88,3.46+0.46,0.31,0.19,Raúl García,La Liga,M
7,,,,200,14887,56,18,2.83,0.85,50.34-5.66,22.59+4.59,0.3,0.14,Raúl García,La Liga,M
0,1.0,2019/2020,Osasuna,30,2212,8,2,2.28,1.99,7.36-0.64,4.19+2.19,0.3,0.17,Rubén García,La Liga,M
1,2.0,2015/2016,Levante,22,1004,1,0,1.34,1.88,0.55-0.45,1.44+1.44,0.05,0.13,Rubén García,La Liga,M
2,3.0,2014/2015,Levante,27,1358,1,2,1.39,1.26,1.84+0.84,1.25-0.75,0.12,0.08,Rubén García,La Liga,M
3,,,,79,4574,10,4,1.81,1.75,9.75-0.25,6.88+2.88,0.19,0.14,Rubén García,La Liga,M
0,1.0,2019/2020,Levante,26,1991,1,0,0.05,0.23,0.06-0.94,0.49+0.49,0.0,0.02,Nemanja Radoja,La Liga,M
1,2.0,2017/2018,Celta Vigo,26,1094,0,1,0.33,0.58,0.70+0.70,0.99-0.01,0.06,0.08,Nemanja Radoja,La Liga,M
2,3.0,2016/2017,Celta Vigo,31,2425,1,0,0.33,0.33,0.74-0.26,1.05+1.05,0.03,0.04,Nemanja Radoja,La Liga,M
3,4.0,2015/2016,Celta Vigo,30,1448,0,1,0.37,0.19,0.18+0.18,0.15-0.85,0.01,0.01,Nemanja Radoja,La Liga,M
4,5.0,2014/2015,Celta Vigo,28,2006,0,0,0.18,0.18,0.19+0.19,0.14+0.14,0.01,0.01,Nemanja Radoja,La Liga,M
5,,,,141,8964,2,2,0.24,0.28,1.88-0.12,2.81+0.81,0.02,0.03,Nemanja Radoja,La Liga,M
0,1.0,2019/2020,Valencia,34,2276,4,5,1.3,0.95,4.02+0.02,5.06+0.06,0.16,0.2,Ferrán Torres,La Liga,M
1,2.0,2018/2019,Valencia,24,828,2,1,1.85,1.74,1.38-0.62,1.82+0.82,0.15,0.2,Ferrán Torres,La Liga,M
2,3.0,2017/2018,Valencia,13,299,0,1,0.9,1.2,0.44+0.44,0.69-0.31,0.13,0.21,Ferrán Torres,La Liga,M
3,,,,71,3403,6,7,1.4,1.16,5.85-0.15,7.57+0.57,0.15,0.2,Ferrán Torres,La Liga,M
0,1.0,2019/2020,Celta Vigo,26,1994,0,2,0.54,0.45,0.41+0.41,1.17-0.83,0.02,0.05,Okay Yokuslu,La Liga,M
1,2.0,2018/2019,Celta Vigo,30,2219,2,0,0.73,0.45,1.90-0.10,0.90+0.90,0.08,0.04,Okay Yokuslu,La Liga,M
2,,,,56,4213,2,2,0.64,0.45,2.32+0.32,2.07+0.07,0.05,0.04,Okay Yokuslu,La Liga,M
0,1.0,2019/2020,Valencia,28,2098,2,0,0.77,0.64,1.83-0.17,1.40+1.40,0.08,0.06,Carlos Soler,La Liga,M
1,2.0,2018/2019,Valencia,31,2478,2,6,1.49,1.23,4.23+2.23,4.67-1.33,0.15,0.17,Carlos Soler,La Liga,M
2,3.0,2017/2018,Valencia,33,2373,1,4,1.71,1.33,4.58+3.58,4.13+0.13,0.17,0.16,Carlos Soler,La Liga,M
3,4.0,2016/2017,Valencia,23,1722,3,1,1.46,0.99,1.94-1.06,2.12+1.12,0.1,0.11,Carlos Soler,La Liga,M
4,,,,115,8671,8,11,1.37,1.07,12.58+4.58,12.32+1.32,0.13,0.13,Carlos Soler,La Liga,M
0,1.0,2019/2020,Levante,30,2119,7,2,2.46,1.36,5.25-1.75,2.69+0.69,0.22,0.11,Enis Bardhi,La Liga,M
1,2.0,2018/2019,Levante,36,2840,3,4,2.09,0.92,3.91+0.91,3.52-0.48,0.12,0.11,Enis Bardhi,La Liga,M
2,3.0,2017/2018,Levante,26,1571,9,1,2.12,1.32,3.23-5.77,0.91-0.09,0.18,0.05,Enis Bardhi,La Liga,M
3,,,,92,6530,19,7,2.22,1.16,12.39-6.61,7.13+0.13,0.17,0.1,Enis Bardhi,La Liga,M
0,1.0,2019/2020,Real Betis,28,2071,0,3,0.52,1.13,0.89+0.89,2.23-0.77,0.04,0.1,Andrés Guardado,La Liga,M
1,2.0,2018/2019,Real Betis,31,2343,0,4,1.0,1.19,1.57+1.57,4.29+0.29,0.06,0.16,Andrés Guardado,La Liga,M
2,3.0,2017/2018,Real Betis,29,2271,2,8,1.31,1.78,2.52+0.52,5.37-2.63,0.1,0.21,Andrés Guardado,La Liga,M
3,,,,88,6685,2,15,0.96,1.37,4.97+2.97,11.89-3.11,0.07,0.16,Andrés Guardado,La Liga,M
0,1.0,2019/2020,Alaves,29,2199,2,4,0.94,1.76,2.96+0.96,4.13+0.13,0.12,0.17,Aleix Vidal,La Liga,M
1,2.0,2018/2019,Sevilla,11,519,0,0,1.39,2.43,0.50+0.50,0.98+0.98,0.09,0.17,Aleix Vidal,La Liga,M
2,3.0,2017/2018,Barcelona,15,455,1,1,1.58,0.79,1.39+0.39,1.03+0.03,0.27,0.2,Aleix Vidal,La Liga,M
3,4.0,2016/2017,Barcelona,6,474,2,2,1.71,0.95,1.05-0.95,1.13-0.87,0.2,0.22,Aleix Vidal,La Liga,M
4,5.0,2015/2016,Barcelona,9,542,0,1,0.17,1.0,0.06+0.06,0.76-0.24,0.01,0.13,Aleix Vidal,La Liga,M
5,6.0,2014/2015,Sevilla,31,2155,4,5,0.79,1.25,3.75-0.25,5.14+0.14,0.16,0.21,Aleix Vidal,La Liga,M
6,,,,101,6344,9,13,0.96,1.45,9.71+0.71,13.17+0.17,0.14,0.19,Aleix Vidal,La Liga,M
0,1.0,2019/2020,Barcelona,29,2126,2,2,0.17,1.06,1.28-0.72,2.79+0.79,0.05,0.12,Frenkie de Jong,La Liga,M
1,,,,29,2126,2,2,0.17,1.06,1.28-0.72,2.79+0.79,0.05,0.12,Frenkie de Jong,La Liga,M
0,1.0,2019/2020,Celta Vigo,29,2138,4,1,1.35,0.97,1.72-2.28,1.76+0.76,0.07,0.07,Rafinha,La Liga,M
1,2.0,2019/2020,Barcelona,3,193,0,0,2.8,2.33,0.88+0.88,0.31+0.31,0.41,0.14,Rafinha,La Liga,M
2,3.0,2018/2019,Barcelona,5,223,0,0,0.81,0.81,0.37+0.37,0.06+0.06,0.15,0.02,Rafinha,La Liga,M
3,4.0,2017/2018,Inter,17,1060,2,3,1.27,2.38,1.45-0.55,2.75-0.25,0.12,0.23,Rafinha,La Liga,M
4,5.0,2016/2017,Barcelona,18,1079,6,2,2.09,1.17,2.80-3.20,2.01+0.01,0.23,0.17,Rafinha,La Liga,M
5,6.0,2015/2016,Barcelona,6,283,1,0,0.64,1.91,0.58-0.42,0.81+0.81,0.18,0.26,Rafinha,La Liga,M
6,7.0,2014/2015,Barcelona,24,1149,1,1,0.94,0.63,1.06+0.06,0.92-0.08,0.08,0.07,Rafinha,La Liga,M
7,,,,102,6125,14,7,1.38,1.26,8.87-5.13,8.61+1.61,0.13,0.13,Rafinha,La Liga,M
0,1.0,2019/2020,Eibar,35,2300,4,1,1.33,0.78,3.06-0.94,0.97-0.03,0.12,0.04,Edu Expósito,La Liga,M
1,2.0,2017/2018,Deportivo La Coruna,3,88,0,0,0.0,0.0,0.00,0.00,0.0,0.0,Edu Expósito,La Liga,M
2,3.0,2016/2017,Deportivo La Coruna,1,46,0,0,1.96,1.96,0.02+0.02,0.05+0.05,0.03,0.11,Edu Expósito,La Liga,M
3,,,,39,2434,4,1,1.29,0.78,3.07-0.93,1.03+0.03,0.11,0.04,Edu Expósito,La Liga,M
0,1.0,2019/2020,Real Betis,32,2678,7,4,3.43,1.38,6.81-0.19,2.72-1.28,0.23,0.09,Nabil Fekir,La Liga,M
1,2.0,2018/2019,Lyon,29,1986,9,7,4.12,2.31,10.11+1.11,5.37-1.63,0.46,0.24,Nabil Fekir,La Liga,M
2,3.0,2017/2018,Lyon,30,2488,18,8,3.18,2.17,11.94-6.06,7.04-0.96,0.43,0.25,Nabil Fekir,La Liga,M
3,4.0,2016/2017,Lyon,32,2240,9,4,2.85,2.57,8.73-0.27,5.60+1.60,0.35,0.22,Nabil Fekir,La Liga,M
4,5.0,2015/2016,Lyon,9,455,4,1,3.96,2.37,1.75-2.25,0.56-0.44,0.35,0.11,Nabil Fekir,La Liga,M
5,6.0,2014/2015,Lyon,34,2796,13,9,2.83,1.55,10.63-2.37,6.04-2.96,0.34,0.19,Nabil Fekir,La Liga,M
6,,,,166,12643,60,33,3.27,1.96,49.98-10.02,27.32-5.68,0.36,0.19,Nabil Fekir,La Liga,M
0,1.0,2019/2020,Sevilla,34,2307,2,2,1.13,1.4,2.25+0.25,3.49+1.49,0.09,0.14,Joan Jordán,La Liga,M
1,2.0,2018/2019,Eibar,36,2884,4,4,1.81,2.06,2.60-1.40,4.20+0.20,0.08,0.13,Joan Jordán,La Liga,M
2,3.0,2017/2018,Eibar,35,2418,6,4,1.53,1.45,4.57-1.43,2.94-1.06,0.17,0.11,Joan Jordán,La Liga,M
3,4.0,2015/2016,Espanyol,9,622,1,0,1.3,1.3,0.39-0.61,0.49+0.49,0.06,0.07,Joan Jordán,La Liga,M
4,5.0,2014/2015,Espanyol,3,118,0,0,1.53,1.53,0.03+0.03,0.23+0.23,0.02,0.18,Joan Jordán,La Liga,M
5,,,,117,8349,13,10,1.5,1.64,9.84-3.16,11.36+1.36,0.11,0.12,Joan Jordán,La Liga,M
0,1.0,2019/2020,Eibar,29,2408,8,7,1.57,1.79,7.87-0.13,5.66-1.34,0.29,0.21,Fabián Orellana,La Liga,M
1,2.0,2018/2019,Eibar,33,2748,3,5,2.55,1.57,7.04+4.04,5.56+0.56,0.23,0.18,Fabián Orellana,La Liga,M
2,3.0,2017/2018,Eibar,17,1177,3,2,2.14,2.22,3.50+0.50,3.74+1.74,0.27,0.29,Fabián Orellana,La Liga,M
3,4.0,2016/2017,Valencia,16,1147,1,1,1.18,1.18,1.55+0.55,1.75+0.75,0.12,0.14,Fabián Orellana,La Liga,M
4,5.0,2016/2017,Celta Vigo,7,521,2,2,1.9,2.25,1.01-0.99,0.98-1.02,0.17,0.17,Fabián Orellana,La Liga,M
5,6.0,2015/2016,Celta Vigo,33,2922,7,7,2.37,1.79,8.42+1.42,7.70+0.70,0.26,0.24,Fabián Orellana,La Liga,M
6,7.0,2014/2015,Celta Vigo,35,2970,5,6,2.12,2.27,8.85+3.85,9.12+3.12,0.27,0.28,Fabián Orellana,La Liga,M
7,,,,170,13893,29,30,2.08,1.85,38.24+9.24,34.50+4.50,0.25,0.22,Fabián Orellana,La Liga,M
0,1.0,2019/2020,Leganes,26,2195,1,1,0.82,0.29,1.10+0.10,0.43-0.57,0.05,0.02,Rubén Pérez,La Liga,M
1,2.0,2018/2019,Leganes,31,2470,0,0,0.4,0.51,0.23+0.23,1.19+1.19,0.01,0.04,Rubén Pérez,La Liga,M
2,3.0,2017/2018,Leganes,31,2523,0,0,0.61,0.5,0.23+0.23,0.60+0.60,0.01,0.02,Rubén Pérez,La Liga,M
3,4.0,2016/2017,Leganes,30,2334,0,1,0.73,0.66,0.37+0.37,0.67-0.33,0.01,0.03,Rubén Pérez,La Liga,M
4,5.0,2015/2016,Granada,31,2486,0,2,0.62,0.83,0.95+0.95,1.38-0.62,0.03,0.05,Rubén Pérez,La Liga,M
5,6.0,2014/2015,Granada,14,1115,0,0,0.97,1.13,0.24+0.24,0.97+0.97,0.02,0.08,Rubén Pérez,La Liga,M
6,7.0,2014/2015,Torino,6,84,0,0,6.43,1.07,0.10+0.10,0.01+0.01,0.1,0.02,Rubén Pérez,La Liga,M
7,,,,169,13207,1,4,0.7,0.61,3.23+2.23,5.26+1.26,0.02,0.04,Rubén Pérez,La Liga,M
0,1.0,2019/2020,Real Valladolid,29,2212,1,2,0.53,1.18,1.22+0.22,2.06+0.06,0.05,0.08,Míchel,La Liga,M
1,2.0,2018/2019,Real Valladolid,35,2554,1,2,0.74,1.94,1.30+0.30,4.44+2.44,0.05,0.16,Míchel,La Liga,M
2,3.0,2014/2015,Getafe,12,777,1,0,1.51,1.27,0.51-0.49,0.74+0.74,0.06,0.09,Míchel,La Liga,M
3,,,,76,5543,3,4,0.76,1.54,3.03+0.03,7.24+3.24,0.05,0.12,Míchel,La Liga,M
0,1.0,2019/2020,Eibar,30,2260,1,0,1.12,0.6,0.92-0.08,0.42+0.42,0.04,0.02,Papakouly Diop,La Liga,M
1,2.0,2018/2019,Eibar,28,2350,1,1,1.38,0.38,1.63+0.63,0.90-0.10,0.06,0.03,Papakouly Diop,La Liga,M
2,3.0,2017/2018,Eibar,15,945,0,0,1.33,0.38,0.58+0.58,0.12+0.12,0.06,0.01,Papakouly Diop,La Liga,M
3,4.0,2017/2018,Espanyol,5,261,0,0,0.34,0.69,0.03+0.03,0.03+0.03,0.01,0.01,Papakouly Diop,La Liga,M
4,5.0,2016/2017,Espanyol,18,894,0,0,0.4,0.2,0.13+0.13,0.11+0.11,0.01,0.01,Papakouly Diop,La Liga,M
5,6.0,2015/2016,Espanyol,30,2493,3,0,0.79,0.11,1.68-1.32,0.30+0.30,0.06,0.01,Papakouly Diop,La Liga,M
6,7.0,2014/2015,Levante,19,1545,0,1,0.87,0.87,0.57+0.57,0.80-0.20,0.03,0.05,Papakouly Diop,La Liga,M
7,,,,145,10748,5,2,1.0,0.43,5.53+0.53,2.68+0.68,0.05,0.02,Papakouly Diop,La Liga,M
0,1.0,2019/2020,Granada,36,2569,7,3,1.54,0.67,7.17+0.17,3.94+0.94,0.25,0.14,Antonio Puertas,La Liga,M
1,,,,36,2569,7,3,1.54,0.67,7.17+0.17,3.94+0.94,0.25,0.14,Antonio Puertas,La Liga,M
0,1.0,2019/2020,Athletic Club,31,2409,5,2,1.01,1.42,3.63-1.37,2.28+0.28,0.14,0.09,Muniain,La Liga,M
1,2.0,2018/2019,Athletic Club,34,2388,7,4,0.94,1.09,7.04+0.04,3.71-0.29,0.27,0.14,Muniain,La Liga,M
2,3.0,2017/2018,Athletic Club,14,769,4,2,2.11,1.76,2.64-1.36,1.69-0.31,0.31,0.2,Muniain,La Liga,M
3,4.0,2016/2017,Athletic Club,35,2418,7,2,1.53,1.41,4.32-2.68,1.85-0.15,0.16,0.07,Muniain,La Liga,M
4,5.0,2015/2016,Athletic Club,20,1021,2,0,1.94,1.5,3.37+1.37,1.03+1.03,0.3,0.09,Muniain,La Liga,M
5,6.0,2014/2015,Athletic Club,25,2040,1,1,1.28,1.24,3.24+2.24,2.15+1.15,0.14,0.09,Muniain,La Liga,M
6,,,,159,11045,26,11,1.32,1.34,24.24-1.76,12.71+1.71,0.2,0.1,Muniain,La Liga,M
0,1.0,2019/2020,Osasuna,31,2270,0,1,0.87,0.91,1.56+1.56,1.72+0.72,0.06,0.07,Darko Brasanac,La Liga,M
1,2.0,2018/2019,Alaves,24,1586,0,1,0.51,0.51,0.44+0.44,0.38-0.62,0.02,0.02,Darko Brasanac,La Liga,M
2,3.0,2017/2018,Leganes,23,1198,2,0,0.75,1.28,1.50-0.50,0.63+0.63,0.11,0.05,Darko Brasanac,La Liga,M
3,4.0,2016/2017,Real Betis,25,1632,1,1,0.83,0.88,1.46+0.46,1.08+0.08,0.08,0.06,Darko Brasanac,La Liga,M
4,,,,103,6686,3,3,0.75,0.87,4.96+1.96,3.82+0.82,0.07,0.05,Darko Brasanac,La Liga,M
0,1.0,2019/2020,Osasuna,29,2328,2,1,0.7,0.54,2.27+0.27,0.94-0.06,0.09,0.04,Oier,La Liga,M
1,2.0,2016/2017,Osasuna,36,3150,0,2,0.23,0.51,0.50+0.50,0.67-1.33,0.01,0.02,Oier,La Liga,M
2,,,,65,5478,2,3,0.43,0.53,2.77+0.77,1.62-1.38,0.05,0.03,Oier,La Liga,M
0,1.0,2019/2020,Real Valladolid,36,2511,4,2,1.36,0.9,4.12+0.12,2.63+0.63,0.15,0.09,Óscar Plano,La Liga,M
1,2.0,2018/2019,Real Valladolid,33,2699,3,4,1.53,1.0,4.25+1.25,3.49-0.51,0.14,0.12,Óscar Plano,La Liga,M
2,,,,69,5210,7,6,1.45,0.95,8.37+1.37,6.11+0.11,0.14,0.11,Óscar Plano,La Liga,M
0,1.0,2019/2020,Real Sociedad,37,3086,10,11,1.81,1.49,8.04-1.96,8.17-2.83,0.23,0.24,Mikel Oyarzabal,La Liga,M
1,2.0,2018/2019,Real Sociedad,37,3168,13,2,1.88,1.28,11.03-1.97,4.94+2.94,0.31,0.14,Mikel Oyarzabal,La Liga,M
2,3.0,2017/2018,Real Sociedad,35,2788,12,5,2.07,1.36,8.99-3.01,5.49+0.49,0.29,0.18,Mikel Oyarzabal,La Liga,M
3,4.0,2016/2017,Real Sociedad,38,2730,2,7,1.88,1.12,4.90+2.90,5.17-1.83,0.16,0.17,Mikel Oyarzabal,La Liga,M
4,5.0,2015/2016,Real Sociedad,22,1493,6,1,1.81,1.21,2.80-3.20,2.89+1.89,0.17,0.17,Mikel Oyarzabal,La Liga,M
5,,,,169,13265,43,26,1.89,1.3,35.76-7.24,26.66+0.66,0.24,0.18,Mikel Oyarzabal,La Liga,M
0,1.0,2019/2020,Granada,30,2398,2,3,1.24,0.68,1.59-0.41,2.11-0.89,0.06,0.08,Yangel Herrera,La Liga,M
1,2.0,2018/2019,SD Huesca,16,1166,0,0,1.08,0.23,0.46+0.46,0.09+0.09,0.04,0.01,Yangel Herrera,La Liga,M
2,,,,46,3564,2,3,1.19,0.53,2.05+0.05,2.19-0.81,0.05,0.06,Yangel Herrera,La Liga,M
0,1.0,2019/2020,Villarreal,35,2472,11,9,1.78,2.58,8.85-2.15,7.98-1.02,0.32,0.29,Santiago Cazorla,La Liga,M
1,2.0,2018/2019,Villarreal,35,2651,4,10,1.05,2.44,4.29+0.29,7.84-2.16,0.15,0.27,Santiago Cazorla,La Liga,M
2,3.0,2016/2017,Arsenal,8,621,2,2,1.16,1.45,1.67-0.33,0.80-1.20,0.24,0.12,Santiago Cazorla,La Liga,M
3,4.0,2015/2016,Arsenal,15,1297,0,3,1.67,2.64,1.87+1.87,4.39+1.39,0.13,0.3,Santiago Cazorla,La Liga,M
4,5.0,2014/2015,Arsenal,37,2999,7,11,2.79,2.34,10.59+3.59,9.76-1.24,0.32,0.29,Santiago Cazorla,La Liga,M
5,,,,130,10040,24,35,1.84,2.41,27.27+3.27,30.77-4.23,0.24,0.28,Santiago Cazorla,La Liga,M
0,1.0,2019/2020,Sevilla,33,2495,3,7,1.44,2.13,3.09+0.09,5.70-1.30,0.11,0.21,Éver Banega,La Liga,M
1,2.0,2018/2019,Sevilla,32,2699,3,4,1.07,1.77,2.81-0.19,3.95-0.05,0.09,0.13,Éver Banega,La Liga,M
2,3.0,2017/2018,Sevilla,31,2392,3,3,1.39,2.52,3.77+0.77,5.50+2.50,0.14,0.21,Éver Banega,La Liga,M
3,4.0,2016/2017,Inter,28,1565,6,6,2.47,3.39,2.95-3.05,4.30-1.70,0.17,0.25,Éver Banega,La Liga,M
4,5.0,2015/2016,Sevilla,25,1728,5,2,2.03,2.29,4.00-1.00,5.71+3.71,0.21,0.3,Éver Banega,La Liga,M
5,6.0,2014/2015,Sevilla,34,2194,3,3,1.44,1.76,1.93-1.07,5.16+2.16,0.08,0.21,Éver Banega,La Liga,M
6,,,,183,13073,23,25,1.56,2.24,18.54-4.46,30.32+5.32,0.13,0.21,Éver Banega,La Liga,M
0,1.0,2019/2020,Barcelona,33,2510,2,2,0.36,0.79,1.44-0.56,3.16+1.16,0.05,0.11,Sergio Busquets,La Liga,M
1,2.0,2018/2019,Barcelona,35,2726,0,1,0.26,0.5,0.27+0.27,1.62+0.62,0.01,0.05,Sergio Busquets,La Liga,M
2,3.0,2017/2018,Barcelona,31,2604,1,4,0.17,0.83,0.74-0.26,1.76-2.24,0.03,0.06,Sergio Busquets,La Liga,M
3,4.0,2016/2017,Barcelona,33,2696,0,3,0.13,0.47,0.14+0.14,0.63-2.37,0.0,0.02,Sergio Busquets,La Liga,M
4,5.0,2015/2016,Barcelona,35,2914,0,4,0.19,0.59,0.21+0.21,3.51-0.49,0.01,0.11,Sergio Busquets,La Liga,M
5,6.0,2014/2015,Barcelona,33,2493,1,2,0.25,0.61,0.75-0.25,1.56-0.44,0.03,0.06,Sergio Busquets,La Liga,M
6,,,,200,15943,4,16,0.23,0.63,3.55-0.45,12.24-3.76,0.02,0.07,Sergio Busquets,La Liga,M
0,1.0,2019/2020,Villarreal,36,2582,2,0,1.05,0.59,2.95+0.95,0.62+0.62,0.1,0.02,Franck Zambo,La Liga,M
1,2.0,2018/2019,Fulham,22,1515,0,0,1.25,0.42,0.65+0.65,0.25+0.25,0.04,0.01,Franck Zambo,La Liga,M
2,3.0,2017/2018,Marseille,37,2429,0,0,1.26,1.04,1.15+1.15,3.43+3.43,0.04,0.13,Franck Zambo,La Liga,M
3,4.0,2016/2017,Marseille,33,1947,0,1,0.83,0.74,0.84+0.84,1.41+0.41,0.04,0.07,Franck Zambo,La Liga,M
4,5.0,2015/2016,Marseille,9,279,0,0,1.29,0.65,0.24+0.24,0.12+0.12,0.08,0.04,Franck Zambo,La Liga,M
5,,,,137,8752,2,1,1.1,0.72,5.82+3.82,5.83+4.83,0.06,0.06,Franck Zambo,La Liga,M
0,1.0,2019/2020,Espanyol,36,2649,2,1,1.77,1.02,3.28+1.28,2.75+1.75,0.11,0.09,Sergi Darder,La Liga,M
1,2.0,2018/2019,Espanyol,34,2730,4,2,1.81,1.22,3.29-0.71,3.76+1.76,0.11,0.12,Sergi Darder,La Liga,M
2,3.0,2017/2018,Espanyol,35,2798,1,2,0.93,0.9,1.02+0.02,2.51+0.51,0.03,0.08,Sergi Darder,La Liga,M
3,4.0,2017/2018,Lyon,3,212,0,0,0.85,0.85,0.03+0.03,0.09+0.09,0.01,0.04,Sergi Darder,La Liga,M
4,5.0,2016/2017,Lyon,22,1321,1,2,1.84,1.64,2.59+1.59,2.14+0.14,0.18,0.15,Sergi Darder,La Liga,M
5,6.0,2015/2016,Lyon,26,1499,2,1,1.8,1.56,3.11+1.11,3.47+2.47,0.19,0.21,Sergi Darder,La Liga,M
6,7.0,2015/2016,Malaga,1,85,0,0,3.18,1.06,0.08+0.08,0.02+0.02,0.09,0.02,Sergi Darder,La Liga,M
7,8.0,2014/2015,Malaga,34,2776,4,0,1.95,0.78,4.83+0.83,2.16+2.16,0.16,0.07,Sergi Darder,La Liga,M
8,,,,191,14070,14,8,1.65,1.1,18.23+4.23,16.91+8.91,0.12,0.11,Sergi Darder,La Liga,M
0,1.0,2019/2020,Atletico Madrid,35,2544,3,0,1.13,0.71,1.96-1.04,1.04+1.04,0.07,0.04,Thomas Partey,La Liga,M
1,2.0,2018/2019,Atletico Madrid,32,2071,3,4,1.56,0.87,1.62-1.38,1.04-2.96,0.07,0.05,Thomas Partey,La Liga,M
2,3.0,2017/2018,Atletico Madrid,33,2386,3,0,0.83,0.45,1.66-1.34,0.50+0.50,0.06,0.02,Thomas Partey,La Liga,M
3,4.0,2016/2017,Atletico Madrid,16,628,1,2,1.15,1.58,1.94+0.94,1.28-0.72,0.28,0.18,Thomas Partey,La Liga,M
4,5.0,2015/2016,Atletico Madrid,13,410,2,1,1.98,1.54,2.52+0.52,0.77-0.23,0.55,0.17,Thomas Partey,La Liga,M
5,6.0,2014/2015,Almeria,31,2372,4,0,1.21,0.42,2.94-1.06,0.46+0.46,0.11,0.02,Thomas Partey,La Liga,M
6,,,,160,10411,16,7,1.2,0.7,12.64-3.36,5.09-1.91,0.11,0.04,Thomas Partey,La Liga,M
0,1.0,2019/2020,Real Sociedad,31,2545,4,6,1.77,2.19,3.28-0.72,6.73+0.73,0.12,0.24,Martin Odegaard,La Liga,M
1,2.0,2014/2015,Real Madrid,1,31,0,0,0.0,2.9,0.00,0.13+0.13,0.0,0.37,Martin Odegaard,La Liga,M
2,,,,32,2576,4,6,1.75,2.2,3.28-0.72,6.85+0.85,0.11,0.24,Martin Odegaard,La Liga,M
0,1.0,2019/2020,Mallorca,35,2598,5,3,1.18,2.04,3.86-1.14,4.59+1.59,0.13,0.16,Salva Sevilla,La Liga,M
1,2.0,2016/2017,Espanyol,6,268,0,0,0.34,0.34,0.02+0.02,0.02+0.02,0.01,0.01,Salva Sevilla,La Liga,M
2,3.0,2015/2016,Espanyol,15,523,1,0,1.2,2.24,1.32+0.32,1.11+1.11,0.23,0.19,Salva Sevilla,La Liga,M
3,4.0,2014/2015,Espanyol,26,1453,0,3,0.87,1.55,2.39+2.39,2.95-0.05,0.15,0.18,Salva Sevilla,La Liga,M
4,,,,82,4842,6,6,1.04,1.82,7.59+1.59,8.68+2.68,0.14,0.16,Salva Sevilla,La Liga,M
0,1.0,2019/2020,Sevilla,34,2648,2,3,0.51,0.34,2.83+0.83,0.46-2.54,0.1,0.02,Fernando,La Liga,M
1,2.0,2016/2017,Manchester City,15,547,0,0,0.33,0.49,0.10+0.10,0.16+0.16,0.02,0.03,Fernando,La Liga,M
2,3.0,2015/2016,Manchester City,24,1703,2,0,0.79,0.42,2.90+0.90,0.33+0.33,0.15,0.02,Fernando,La Liga,M
3,4.0,2014/2015,Manchester City,25,1886,2,2,0.48,0.62,1.68-0.32,1.58-0.42,0.08,0.08,Fernando,La Liga,M
4,,,,98,6784,6,5,0.56,0.45,7.51+1.51,2.53-2.47,0.1,0.03,Fernando,La Liga,M
0,1.0,2019/2020,Real Madrid,35,2661,4,5,1.93,2.06,3.34-0.66,5.65+0.65,0.11,0.19,Toni Kroos,La Liga,M
1,2.0,2018/2019,Real Madrid,28,2235,0,4,1.21,2.54,1.41+1.41,4.18+0.18,0.06,0.17,Toni Kroos,La Liga,M
2,3.0,2017/2018,Real Madrid,27,2275,5,7,1.62,2.49,2.98-2.02,6.38-0.62,0.12,0.25,Toni Kroos,La Liga,M
3,4.0,2016/2017,Real Madrid,29,2503,3,12,1.19,2.88,1.74-1.26,8.08-3.92,0.06,0.29,Toni Kroos,La Liga,M
4,5.0,2015/2016,Real Madrid,32,2746,1,10,0.66,1.87,0.68-0.32,4.79-5.21,0.02,0.16,Toni Kroos,La Liga,M
5,6.0,2014/2015,Real Madrid,36,3066,2,7,1.0,2.08,2.06+0.06,4.55-2.45,0.06,0.13,Toni Kroos,La Liga,M
6,,,,187,15486,15,45,1.25,2.3,12.21-2.79,33.64-11.36,0.07,0.2,Toni Kroos,La Liga,M
0,1.0,2019/2020,Osasuna,36,2722,7,8,2.61,1.39,8.46+1.46,6.68-1.32,0.28,0.22,Roberto Torres,La Liga,M
1,2.0,2016/2017,Osasuna,32,2314,7,3,2.49,2.41,6.16-0.84,4.70+1.70,0.24,0.18,Roberto Torres,La Liga,M
2,,,,68,5036,14,11,2.56,1.86,14.62+0.62,11.37+0.37,0.26,0.2,Roberto Torres,La Liga,M
0,1.0,2019/2020,Mallorca,37,3065,5,2,1.5,1.15,4.95-0.05,2.39+0.39,0.15,0.07,Dani Rodríguez,La Liga,M
1,,,,37,3065,5,2,1.5,1.15,4.95-0.05,2.39+0.39,0.15,0.07,Dani Rodríguez,La Liga,M
0,1.0,2019/2020,Atletico Madrid,32,2704,4,5,0.77,1.9,2.64-1.36,5.55+0.55,0.09,0.18,Koke,La Liga,M
1,2.0,2018/2019,Atletico Madrid,30,2586,3,4,0.73,2.12,1.50-1.50,5.00+1.00,0.05,0.17,Koke,La Liga,M
2,3.0,2017/2018,Atletico Madrid,35,2765,4,4,0.94,1.66,2.61-1.39,6.05+2.05,0.08,0.2,Koke,La Liga,M
3,4.0,2016/2017,Atletico Madrid,36,3172,4,8,0.77,2.04,2.54-1.46,5.96-2.04,0.07,0.17,Koke,La Liga,M
4,5.0,2015/2016,Atletico Madrid,35,2976,5,14,1.27,2.33,4.69-0.31,8.98-5.02,0.14,0.27,Koke,La Liga,M
5,6.0,2014/2015,Atletico Madrid,34,2885,2,10,1.37,2.03,3.00+1.00,7.14-2.86,0.09,0.22,Koke,La Liga,M
6,,,,202,17088,22,45,0.98,2.02,16.97-5.03,38.67-6.33,0.09,0.2,Koke,La Liga,M
0,1.0,2019/2020,Villarreal,34,2689,1,2,0.7,0.33,3.53+2.53,1.10-0.90,0.12,0.04,Vicente Iborra,La Liga,M
1,2.0,2018/2019,Villarreal,19,1671,3,1,0.97,0.38,2.27-0.73,0.85-0.15,0.12,0.05,Vicente Iborra,La Liga,M
2,3.0,2018/2019,Leicester,8,220,0,0,0.82,0.41,0.27+0.27,0.10+0.10,0.11,0.04,Vicente Iborra,La Liga,M
3,4.0,2017/2018,Leicester,19,1424,3,0,0.88,0.51,1.59-1.41,0.48+0.48,0.1,0.03,Vicente Iborra,La Liga,M
4,5.0,2016/2017,Sevilla,31,1452,7,2,1.92,0.93,6.26-0.74,1.97-0.03,0.39,0.12,Vicente Iborra,La Liga,M
5,6.0,2015/2016,Sevilla,29,1743,7,2,1.6,0.67,6.88-0.12,3.63+1.63,0.36,0.19,Vicente Iborra,La Liga,M
6,7.0,2014/2015,Sevilla,26,2029,7,1,1.73,0.89,6.88-0.12,1.76+0.76,0.31,0.08,Vicente Iborra,La Liga,M
7,,,,166,11228,28,8,1.25,0.59,27.68-0.32,9.90+1.90,0.22,0.08,Vicente Iborra,La Liga,M
0,1.0,2019/2020,Real Betis,36,3177,6,6,1.47,2.24,6.67+0.67,5.89-0.11,0.19,0.17,Sergio Canales,La Liga,M
1,2.0,2018/2019,Real Betis,32,2660,7,2,2.23,1.89,7.55+0.55,5.53+3.53,0.26,0.19,Sergio Canales,La Liga,M
2,3.0,2017/2018,Real Sociedad,36,1921,4,5,3.14,2.62,3.69-0.31,5.78+0.78,0.17,0.27,Sergio Canales,La Liga,M
3,4.0,2016/2017,Real Sociedad,31,986,0,4,1.83,3.19,1.00+1.00,2.98-1.02,0.09,0.27,Sergio Canales,La Liga,M
4,5.0,2015/2016,Real Sociedad,16,906,0,0,2.38,1.09,1.15+1.15,1.08+1.08,0.11,0.11,Sergio Canales,La Liga,M
5,6.0,2014/2015,Real Sociedad,36,2564,4,3,1.97,1.12,4.25+0.25,1.96-1.04,0.15,0.07,Sergio Canales,La Liga,M
6,,,,187,12214,21,20,2.1,1.98,24.32+3.32,23.21+3.21,0.18,0.17,Sergio Canales,La Liga,M
0,1.0,2019/2020,Getafe,35,2903,2,0,1.05,0.43,3.24+1.24,0.65+0.65,0.1,0.02,Nemanja Maksimovic,La Liga,M
1,2.0,2018/2019,Getafe,36,3213,1,0,0.92,0.34,2.54+1.54,0.56+0.56,0.07,0.02,Nemanja Maksimovic,La Liga,M
2,3.0,2017/2018,Valencia,15,551,0,0,1.14,1.63,0.34+0.34,0.47+0.47,0.05,0.08,Nemanja Maksimovic,La Liga,M
3,,,,86,6667,3,0,1.0,0.49,6.12+3.12,1.68+1.68,0.08,0.02,Nemanja Maksimovic,La Liga,M
0,1.0,2019/2020,Atletico Madrid,35,3094,6,0,1.28,0.44,5.04-0.96,1.07+1.07,0.15,0.03,Saúl Ñíguez,La Liga,M
1,2.0,2018/2019,Atletico Madrid,33,2923,4,1,1.57,0.46,5.61+1.61,1.65+0.65,0.17,0.05,Saúl Ñíguez,La Liga,M
2,3.0,2017/2018,Atletico Madrid,36,3157,2,3,1.51,0.6,2.56+0.56,3.22+0.22,0.07,0.09,Saúl Ñíguez,La Liga,M
3,4.0,2016/2017,Atletico Madrid,33,2545,4,3,1.66,0.88,2.98-1.02,2.89-0.11,0.11,0.1,Saúl Ñíguez,La Liga,M
4,5.0,2015/2016,Atletico Madrid,31,2331,4,2,1.74,0.73,2.37-1.63,1.58-0.42,0.09,0.06,Saúl Ñíguez,La Liga,M
5,6.0,2014/2015,Atletico Madrid,24,1052,4,2,1.45,0.86,2.19-1.81,2.43+0.43,0.19,0.21,Saúl Ñíguez,La Liga,M
6,,,,192,15102,24,11,1.53,0.63,20.76-3.24,12.85+1.85,0.12,0.08,Saúl Ñíguez,La Liga,M
0,1.0,2019/2020,Mallorca,36,2946,0,0,0.46,0.18,0.84+0.84,0.14+0.14,0.03,0.0,Iddrisu Baba,La Liga,M
1,,,,36,2946,0,0,0.46,0.18,0.84+0.84,0.14+0.14,0.03,0.0,Iddrisu Baba,La Liga,M
0,1.0,2019/2020,Athletic Club,36,3021,0,1,0.42,0.42,0.77+0.77,1.19+0.19,0.02,0.04,Dani García,La Liga,M
1,2.0,2018/2019,Athletic Club,29,2490,0,0,0.07,0.14,0.03+0.03,0.17+0.17,0.0,0.01,Dani García,La Liga,M
2,3.0,2017/2018,Eibar,32,2786,0,1,0.65,0.55,0.38+0.38,1.13+0.13,0.01,0.04,Dani García,La Liga,M
3,4.0,2016/2017,Eibar,36,3191,1,1,0.56,0.65,0.35-0.65,0.83-0.17,0.01,0.02,Dani García,La Liga,M
4,5.0,2015/2016,Eibar,35,3062,0,0,0.59,0.38,1.16+1.16,0.50+0.50,0.03,0.01,Dani García,La Liga,M
5,6.0,2014/2015,Eibar,34,2972,1,2,0.51,0.36,0.38-0.62,0.54-1.46,0.01,0.02,Dani García,La Liga,M
6,,,,202,17522,2,5,0.48,0.43,3.08+1.08,4.35-0.65,0.02,0.02,Dani García,La Liga,M
0,1.0,2019/2020,Getafe,37,3279,1,5,0.82,1.43,2.18+1.18,4.70-0.30,0.06,0.13,Marc Cucurella,La Liga,M
1,2.0,2018/2019,Eibar,31,2351,1,2,0.84,1.19,2.32+1.32,4.25+2.25,0.09,0.16,Marc Cucurella,La Liga,M
2,,,,68,5630,2,7,0.83,1.33,4.51+2.51,8.95+1.95,0.07,0.14,Marc Cucurella,La Liga,M
0,1.0,2019/2020,Espanyol,35,3040,2,1,0.95,0.83,2.43+0.43,3.04+2.04,0.07,0.09,Marc Roca,La Liga,M
1,2.0,2018/2019,Espanyol,35,3126,1,2,0.66,0.66,1.62+0.62,2.95+0.95,0.05,0.08,Marc Roca,La Liga,M
2,3.0,2017/2018,Espanyol,8,257,0,0,1.4,0.7,0.15+0.15,0.03+0.03,0.05,0.01,Marc Roca,La Liga,M
3,4.0,2016/2017,Espanyol,25,1314,0,1,0.89,0.48,0.91+0.91,0.65-0.35,0.06,0.04,Marc Roca,La Liga,M
4,,,,103,7737,3,4,0.84,0.7,5.11+2.11,6.67+2.67,0.06,0.08,Marc Roca,La Liga,M
0,1.0,2019/2020,Getafe,35,3081,1,1,1.37,0.47,2.09+1.09,1.77+0.77,0.06,0.05,Mauro Arambarri,La Liga,M
1,2.0,2018/2019,Getafe,33,2699,1,2,0.97,0.6,1.40+0.40,1.76-0.24,0.05,0.06,Mauro Arambarri,La Liga,M
2,3.0,2017/2018,Getafe,27,2148,1,1,0.88,0.38,1.65+0.65,1.85+0.85,0.07,0.08,Mauro Arambarri,La Liga,M
3,4.0,2016/2017,Bordeaux,4,29,0,1,0.0,6.21,0.00,0.07-0.93,0.0,0.22,Mauro Arambarri,La Liga,M
4,5.0,2015/2016,Bordeaux,5,152,0,0,1.18,0.59,0.44+0.44,0.10+0.10,0.26,0.06,Mauro Arambarri,La Liga,M
5,,,,104,8109,3,5,1.1,0.51,5.59+2.59,5.55+0.55,0.06,0.06,Mauro Arambarri,La Liga,M
0,1.0,2019/2020,Valencia,35,3049,8,3,1.0,1.68,6.13-1.87,4.41+1.41,0.18,0.13,Daniel Parejo,La Liga,M
1,2.0,2018/2019,Valencia,36,3068,9,7,1.29,2.35,7.95-1.05,7.29+0.29,0.23,0.21,Daniel Parejo,La Liga,M
2,3.0,2017/2018,Valencia,34,3005,7,7,1.35,2.07,6.57-0.43,5.85-1.15,0.2,0.18,Daniel Parejo,La Liga,M
3,4.0,2016/2017,Valencia,36,3198,5,7,1.41,1.86,6.93+1.93,5.88-1.12,0.19,0.17,Daniel Parejo,La Liga,M
4,5.0,2015/2016,Valencia,33,2734,8,5,1.51,1.38,5.46-2.54,2.99-2.01,0.18,0.1,Daniel Parejo,La Liga,M
5,6.0,2014/2015,Valencia,34,2932,11,5,1.66,1.29,8.30-2.70,2.83-2.17,0.25,0.09,Daniel Parejo,La Liga,M
6,,,,208,17986,48,34,1.37,1.78,41.34-6.66,29.24-4.76,0.21,0.15,Daniel Parejo,La Liga,M
0,1.0,2019/2020,Real Madrid,35,3096,4,3,1.31,0.41,4.22+0.22,1.80-1.20,0.12,0.05,Casemiro,La Liga,M
1,2.0,2018/2019,Real Madrid,29,2317,3,0,1.55,0.54,1.66-1.34,1.11+1.11,0.06,0.04,Casemiro,La Liga,M
2,3.0,2017/2018,Real Madrid,30,2609,5,3,1.1,0.79,3.65-1.35,2.93-0.07,0.13,0.1,Casemiro,La Liga,M
3,4.0,2016/2017,Real Madrid,25,1711,4,0,0.79,0.47,3.20-0.80,0.43+0.43,0.17,0.02,Casemiro,La Liga,M
4,5.0,2015/2016,Real Madrid,23,1526,1,3,1.18,0.41,1.16+0.16,1.17-1.83,0.07,0.07,Casemiro,La Liga,M
5,,,,142,11259,17,9,1.22,0.54,13.90-3.10,7.44-1.56,0.11,0.06,Casemiro,La Liga,M
0,1.0,2019/2020,Real Sociedad,36,3149,5,1,1.26,0.94,2.79-2.21,1.94+0.94,0.08,0.06,Mikel Merino,La Liga,M
1,2.0,2018/2019,Real Sociedad,29,2058,3,3,1.05,0.66,2.78-0.22,2.03-0.97,0.12,0.09,Mikel Merino,La Liga,M
2,3.0,2017/2018,Newcastle United,24,1336,1,1,1.08,1.08,0.51-0.49,0.74-0.26,0.03,0.05,Mikel Merino,La Liga,M
3,4.0,2016/2017,Borussia Dortmund,8,288,0,0,1.56,0.94,0.51+0.51,0.25+0.25,0.16,0.08,Mikel Merino,La Liga,M
4,,,,97,6831,9,5,1.17,0.88,6.59-2.41,4.96-0.04,0.09,0.07,Mikel Merino,La Liga,M
0,1.0,2019/2020,Levante,37,3161,2,7,1.25,2.08,2.40+0.40,6.07-0.93,0.07,0.17,José Campaña,La Liga,M
1,2.0,2018/2019,Levante,36,3216,3,9,0.56,1.62,1.86-1.14,6.46-2.54,0.05,0.18,José Campaña,La Liga,M
2,3.0,2017/2018,Levante,35,2743,1,4,0.72,1.64,1.39+0.39,4.56+0.56,0.05,0.15,José Campaña,La Liga,M
3,,,,108,9120,6,20,0.85,1.79,5.65-0.35,17.09-2.91,0.06,0.17,José Campaña,La Liga,M
